event_index,participant_id,experiment_version,condition,seed,trial_number,phase,phase_number,block,equivalence_group,face_pair_type,facial_cue_accuracy,verbal_cue_accuracy,facial_cue_valid,verbal_cue_valid,facial_cue_direction,verbal_cue_direction,cue_conflict,facial_block,verbal_block,facial_block_state,verbal_block_state,face_left,face_right,face_left_expr,face_right_expr,card_left_points,card_right_points,point_difference,correct_side,winning_card,reward_points,verbal_text,key_left,key_right,correct_key,response_key,correct,rt_raw,is_timeout,chose_left,followed_facial,followed_verbal,chose_high_reward,response_for_model,trial_order,eg_numeric,phase_numeric,facial_direction_left,verbal_direction_left
40,P023,11.0,facial_first,4.0,1,calibration,,,A,happy_vs_sad,0.7,0.8,1.0,1.0,left,left,0.0,1.0,1.0,high,high,HappyPop.png,SadPop.png,happy,sad,4.0,3.0,1.0,left,HEART-4.png,1.0,I think I'm going to win this round.,Z,M,Z,Z,1.0,665.8999999999942,False,1.0,1.0,1.0,1.0,1.0,1,1,1,1,1
45,P023,11.0,facial_first,4.0,2,calibration,,,C,neutral_vs_sad,0.9,0.8,1.0,1.0,left,left,0.0,1.0,1.0,high,high,NeutralPop.png,SadPop.png,neutral,sad,9.0,5.0,4.0,left,HEART-9.png,4.0,I think I'm going to win this round.,Z,M,Z,Z,1.0,620.7000000000116,False,1.0,1.0,1.0,1.0,1.0,2,3,1,1,1
50,P023,11.0,facial_first,4.0,3,calibration,,,B,happy_vs_neutral,0.8,0.8,1.0,1.0,right,right,0.0,1.0,1.0,high,high,NeutralPop.png,HappyPop.png,neutral,happy,1.0,8.0,7.0,right,HEART-8.png,7.0,I think I'm going to win this round.,Z,M,M,M,1.0,179.09999999962747,False,0.0,1.0,1.0,1.0,0.0,3,2,1,0,0
55,P023,11.0,facial_first,4.0,4,calibration,,,B,happy_vs_neutral,0.8,0.8,1.0,1.0,left,left,0.0,1.0,1.0,high,high,HappyPop.png,NeutralPop.png,happy,neutral,8.0,2.0,6.0,left,DIAMOND-8.png,6.0,I think I'm going to win this round.,Z,M,Z,Z,1.0,618.8999999994412,False,1.0,1.0,1.0,1.0,1.0,4,2,1,1,1
60,P023,11.0,facial_first,4.0,5,calibration,,,A,happy_vs_sad,0.7,0.8,1.0,0.0,right,left,1.0,1.0,1.0,high,high,SadPop.png,HappyPop.png,sad,happy,2.0,6.0,4.0,right,DIAMOND-6.png,4.0,I think I'm going to win this round.,Z,M,M,Z,0.0,679.3999999999942,False,1.0,0.0,1.0,0.0,1.0,5,1,1,0,1
65,P023,11.0,facial_first,4.0,6,calibration,,,C,neutral_vs_sad,0.9,0.8,1.0,1.0,right,right,0.0,1.0,1.0,high,high,SadPop.png,NeutralPop.png,sad,neutral,4.0,5.0,1.0,right,DIAMOND-5.png,1.0,I think I'm going to win this round.,Z,M,M,M,1.0,563.8999999998196,False,0.0,1.0,1.0,1.0,0.0,6,3,1,0,0
70,P023,11.0,facial_first,4.0,7,calibration,,,C,neutral_vs_sad,0.9,0.8,1.0,1.0,right,right,0.0,1.0,1.0,high,high,SadPop.png,NeutralPop.png,sad,neutral,1.0,3.0,2.0,right,SPADE-3.png,2.0,I think I'm going to win this round.,Z,M,M,Z,0.0,316.3999999994412,False,1.0,0.0,0.0,0.0,1.0,7,3,1,0,0
75,P023,11.0,facial_first,4.0,8,calibration,,,B,happy_vs_neutral,0.8,0.8,1.0,1.0,left,left,0.0,1.0,1.0,high,high,HappyPop.png,NeutralPop.png,happy,neutral,7.0,5.0,2.0,left,SPADE-7.png,2.0,I think I'm going to win this round.,Z,M,Z,Z,1.0,681.8999999992666,False,1.0,1.0,1.0,1.0,1.0,8,2,1,1,1
80,P023,11.0,facial_first,4.0,9,calibration,,,A,happy_vs_sad,0.7,0.8,1.0,1.0,right,right,0.0,1.0,1.0,high,high,SadPop.png,HappyPop.png,sad,happy,5.0,9.0,4.0,right,DIAMOND-9.png,4.0,I think I'm going to win this round.,Z,M,M,M,1.0,184.39999999961583,False,0.0,1.0,1.0,1.0,0.0,9,1,1,0,0
85,P023,11.0,facial_first,4.0,10,calibration,,,B,happy_vs_neutral,0.8,0.8,0.0,1.0,left,right,1.0,1.0,1.0,high,high,HappyPop.png,NeutralPop.png,happy,neutral,1.0,3.0,2.0,right,HEART-3.png,2.0,I think I'm going to win this round.,Z,M,M,M,1.0,543.7999999994354,False,0.0,0.0,1.0,1.0,0.0,10,2,1,1,0
90,P023,11.0,facial_first,4.0,11,calibration,,,C,neutral_vs_sad,0.9,0.8,1.0,1.0,left,left,0.0,1.0,1.0,high,high,NeutralPop.png,SadPop.png,neutral,sad,9.0,8.0,1.0,left,HEART-9.png,1.0,I think I'm going to win this round.,Z,M,Z,Z,1.0,757.0999999992491,False,1.0,1.0,1.0,1.0,1.0,11,3,1,1,1
95,P023,11.0,facial_first,4.0,12,calibration,,,A,happy_vs_sad,0.7,0.8,1.0,1.0,left,left,0.0,1.0,1.0,high,high,HappyPop.png,SadPop.png,happy,sad,9.0,7.0,2.0,left,DIAMOND-9.png,2.0,I think I'm going to win this round.,Z,M,Z,Z,1.0,635.3999999994412,False,1.0,1.0,1.0,1.0,1.0,12,1,1,1,1
100,P023,11.0,facial_first,4.0,13,calibration,,,C,neutral_vs_sad,0.9,0.8,1.0,1.0,right,right,0.0,1.0,1.0,high,high,SadPop.png,NeutralPop.png,sad,neutral,3.0,8.0,5.0,right,CLUB-8.png,5.0,I think I'm going to win this round.,Z,M,M,M,1.0,274.6000000000058,False,0.0,1.0,1.0,1.0,0.0,13,3,1,0,0
105,P023,11.0,facial_first,4.0,14,calibration,,,A,happy_vs_sad,0.7,0.8,0.0,1.0,left,right,1.0,1.0,1.0,high,high,HappyPop.png,SadPop.png,happy,sad,7.0,9.0,2.0,right,SPADE-9.png,2.0,I think I'm going to win this round.,Z,M,M,M,1.0,642.3999999996158,False,0.0,0.0,1.0,1.0,0.0,14,1,1,1,0
110,P023,11.0,facial_first,4.0,15,calibration,,,B,happy_vs_neutral,0.8,0.8,1.0,1.0,left,left,0.0,1.0,1.0,high,high,HappyPop.png,NeutralPop.png,happy,neutral,6.0,1.0,5.0,left,HEART-6.png,5.0,I think I'm going to win this round.,Z,M,Z,Z,1.0,402.8999999999942,False,1.0,1.0,1.0,1.0,1.0,15,2,1,1,1
115,P023,11.0,facial_first,4.0,16,calibration,,,A,happy_vs_sad,0.7,0.8,0.0,0.0,right,right,0.0,1.0,1.0,high,high,SadPop.png,HappyPop.png,sad,happy,6.0,5.0,1.0,left,DIAMOND-6.png,1.0,I think I'm going to win this round.,Z,M,Z,M,0.0,443.4999999996217,False,0.0,1.0,1.0,0.0,0.0,16,1,1,0,0
120,P023,11.0,facial_first,4.0,17,calibration,,,C,neutral_vs_sad,0.9,0.8,1.0,1.0,left,left,0.0,1.0,1.0,high,high,NeutralPop.png,SadPop.png,neutral,sad,10.0,1.0,9.0,left,HEART-10.png,9.0,I think I'm going to win this round.,Z,M,Z,Z,1.0,492.1999999998079,False,1.0,1.0,1.0,1.0,1.0,17,3,1,1,1
125,P023,11.0,facial_first,4.0,18,calibration,,,B,happy_vs_neutral,0.8,0.8,1.0,1.0,left,left,0.0,1.0,1.0,high,high,HappyPop.png,NeutralPop.png,happy,neutral,8.0,7.0,1.0,left,DIAMOND-8.png,1.0,I think I'm going to win this round.,Z,M,Z,Z,1.0,260.29999999998836,False,1.0,1.0,1.0,1.0,1.0,18,2,1,1,1
130,P023,11.0,facial_first,4.0,19,calibration,,,C,neutral_vs_sad,0.9,0.8,1.0,1.0,right,right,0.0,1.0,1.0,high,high,SadPop.png,NeutralPop.png,sad,neutral,3.0,6.0,3.0,right,HEART-6.png,3.0,I think I'm going to win this round.,Z,M,M,M,1.0,182.89999999926656,False,0.0,1.0,1.0,1.0,0.0,19,3,1,0,0
135,P023,11.0,facial_first,4.0,20,calibration,,,A,happy_vs_sad,0.7,0.8,1.0,0.0,right,left,1.0,1.0,1.0,high,high,SadPop.png,HappyPop.png,sad,happy,1.0,9.0,8.0,right,CLUB-9.png,8.0,I think I'm going to win this round.,Z,M,M,Z,0.0,1132.3999999996158,False,1.0,0.0,1.0,0.0,1.0,20,1,1,0,1
140,P023,11.0,facial_first,4.0,21,calibration,,,B,happy_vs_neutral,0.8,0.8,1.0,0.0,left,right,1.0,1.0,1.0,high,high,HappyPop.png,NeutralPop.png,happy,neutral,6.0,5.0,1.0,left,SPADE-6.png,1.0,I think I'm going to win this round.,Z,M,Z,M,0.0,712.1999999994296,False,0.0,0.0,1.0,0.0,0.0,21,2,1,1,0
145,P023,11.0,facial_first,4.0,22,calibration,,,C,neutral_vs_sad,0.9,0.8,0.0,1.0,left,right,1.0,1.0,1.0,high,high,NeutralPop.png,SadPop.png,neutral,sad,4.0,8.0,4.0,right,CLUB-8.png,4.0,I think I'm going to win this round.,Z,M,M,M,1.0,513.7999999996391,False,0.0,0.0,1.0,1.0,0.0,22,3,1,1,0
150,P023,11.0,facial_first,4.0,23,calibration,,,A,happy_vs_sad,0.7,0.8,1.0,0.0,right,left,1.0,1.0,1.0,high,high,SadPop.png,HappyPop.png,sad,happy,2.0,9.0,7.0,right,HEART-9.png,7.0,I think I'm going to win this round.,Z,M,M,Z,0.0,719.2999999998137,False,1.0,0.0,1.0,0.0,1.0,23,1,1,0,1
155,P023,11.0,facial_first,4.0,24,calibration,,,B,happy_vs_neutral,0.8,0.8,0.0,1.0,left,right,1.0,1.0,1.0,high,high,HappyPop.png,NeutralPop.png,happy,neutral,3.0,6.0,3.0,right,CLUB-6.png,3.0,I think I'm going to win this round.,Z,M,M,M,1.0,873.3999999992666,False,0.0,0.0,1.0,1.0,0.0,24,2,1,1,0
160,P023,11.0,facial_first,4.0,25,calibration,,,A,happy_vs_sad,0.7,0.8,1.0,1.0,right,right,0.0,1.0,1.0,high,high,SadPop.png,HappyPop.png,sad,happy,6.0,8.0,2.0,right,HEART-8.png,2.0,I think I'm going to win this round.,Z,M,M,M,1.0,690.4999999994179,False,0.0,1.0,1.0,1.0,0.0,25,1,1,0,0
165,P023,11.0,facial_first,4.0,26,calibration,,,C,neutral_vs_sad,0.9,0.8,1.0,0.0,right,left,1.0,1.0,1.0,high,high,SadPop.png,NeutralPop.png,sad,neutral,1.0,5.0,4.0,right,HEART-5.png,4.0,I think I'm going to win this round.,Z,M,M,M,1.0,741.699999999837,False,0.0,1.0,0.0,1.0,0.0,26,3,1,0,1
170,P023,11.0,facial_first,4.0,27,calibration,,,B,happy_vs_neutral,0.8,0.8,1.0,1.0,right,right,0.0,1.0,1.0,high,high,NeutralPop.png,HappyPop.png,neutral,happy,2.0,9.0,7.0,right,DIAMOND-9.png,7.0,I think I'm going to win this round.,Z,M,M,M,1.0,665.7999999994645,False,0.0,1.0,1.0,1.0,0.0,27,2,1,0,0
175,P023,11.0,facial_first,4.0,28,calibration,,,A,happy_vs_sad,0.7,0.8,0.0,1.0,right,left,1.0,1.0,1.0,high,high,SadPop.png,HappyPop.png,sad,happy,10.0,6.0,4.0,left,SPADE-10.png,4.0,I think I'm going to win this round.,Z,M,Z,M,0.0,738.9999999996508,False,0.0,1.0,0.0,0.0,0.0,28,1,1,0,1
180,P023,11.0,facial_first,4.0,29,calibration,,,C,neutral_vs_sad,0.9,0.8,1.0,1.0,right,right,0.0,1.0,1.0,high,high,SadPop.png,NeutralPop.png,sad,neutral,5.0,8.0,3.0,right,CLUB-8.png,3.0,I think I'm going to win this round.,Z,M,M,M,1.0,774.0999999994528,False,0.0,1.0,1.0,1.0,0.0,29,3,1,0,0
185,P023,11.0,facial_first,4.0,30,calibration,,,B,happy_vs_neutral,0.8,0.8,1.0,1.0,right,right,0.0,1.0,1.0,high,high,NeutralPop.png,HappyPop.png,neutral,happy,2.0,8.0,6.0,right,CLUB-8.png,6.0,I think I'm going to win this round.,Z,M,M,M,1.0,296.19999999925494,False,0.0,1.0,1.0,1.0,0.0,30,2,1,0,0
190,P023,11.0,facial_first,4.0,31,calibration,,,C,neutral_vs_sad,0.9,0.8,1.0,0.0,right,left,1.0,1.0,1.0,high,high,SadPop.png,NeutralPop.png,sad,neutral,6.0,7.0,1.0,right,DIAMOND-7.png,1.0,I think I'm going to win this round.,Z,M,M,Z,0.0,99.89999999990688,False,1.0,0.0,1.0,0.0,1.0,31,3,1,0,1
195,P023,11.0,facial_first,4.0,32,calibration,,,B,happy_vs_neutral,0.8,0.8,1.0,1.0,left,left,0.0,1.0,1.0,high,high,HappyPop.png,NeutralPop.png,happy,neutral,3.0,1.0,2.0,left,DIAMOND-3.png,2.0,I think I'm going to win this round.,Z,M,Z,M,0.0,69.19999999925494,False,0.0,0.0,0.0,0.0,0.0,32,2,1,1,1
200,P023,11.0,facial_first,4.0,33,calibration,,,A,happy_vs_sad,0.7,0.8,1.0,1.0,right,right,0.0,1.0,1.0,high,high,SadPop.png,HappyPop.png,sad,happy,1.0,7.0,6.0,right,DIAMOND-7.png,6.0,I think I'm going to win this round.,Z,M,M,M,1.0,428.8999999994412,False,0.0,1.0,1.0,1.0,0.0,33,1,1,0,0
205,P023,11.0,facial_first,4.0,34,calibration,,,A,happy_vs_sad,0.7,0.8,1.0,1.0,left,left,0.0,1.0,1.0,high,high,HappyPop.png,SadPop.png,happy,sad,5.0,2.0,3.0,left,CLUB-5.png,3.0,I think I'm going to win this round.,Z,M,Z,Z,1.0,18.29999999998836,False,1.0,1.0,1.0,1.0,1.0,34,1,1,1,1
210,P023,11.0,facial_first,4.0,35,calibration,,,B,happy_vs_neutral,0.8,0.8,1.0,0.0,left,right,1.0,1.0,1.0,high,high,HappyPop.png,NeutralPop.png,happy,neutral,10.0,1.0,9.0,left,HEART-10.png,9.0,I think I'm going to win this round.,Z,M,Z,M,0.0,622.0999999994528,False,0.0,0.0,1.0,0.0,0.0,35,2,1,1,0
215,P023,11.0,facial_first,4.0,36,calibration,,,C,neutral_vs_sad,0.9,0.8,1.0,1.0,left,left,0.0,1.0,1.0,high,high,NeutralPop.png,SadPop.png,neutral,sad,9.0,4.0,5.0,left,SPADE-9.png,5.0,I think I'm going to win this round.,Z,M,Z,M,0.0,177.09999999997672,False,0.0,0.0,0.0,0.0,0.0,36,3,1,1,1
220,P023,11.0,facial_first,4.0,37,calibration,,,B,happy_vs_neutral,0.8,0.8,1.0,1.0,right,right,0.0,1.0,1.0,high,high,NeutralPop.png,HappyPop.png,neutral,happy,2.0,4.0,2.0,right,CLUB-4.png,2.0,I think I'm going to win this round.,Z,M,M,Z,0.0,725.6999999996042,False,1.0,0.0,0.0,0.0,1.0,37,2,1,0,0
225,P023,11.0,facial_first,4.0,38,calibration,,,C,neutral_vs_sad,0.9,0.8,1.0,1.0,left,left,0.0,1.0,1.0,high,high,NeutralPop.png,SadPop.png,neutral,sad,5.0,4.0,1.0,left,HEART-5.png,1.0,I think I'm going to win this round.,Z,M,Z,Z,1.0,130.49999999982538,False,1.0,1.0,1.0,1.0,1.0,38,3,1,1,1
230,P023,11.0,facial_first,4.0,39,calibration,,,A,happy_vs_sad,0.7,0.8,0.0,1.0,right,left,1.0,1.0,1.0,high,high,SadPop.png,HappyPop.png,sad,happy,9.0,3.0,6.0,left,DIAMOND-9.png,6.0,I think I'm going to win this round.,Z,M,Z,Z,1.0,580.3999999994412,False,1.0,0.0,1.0,1.0,1.0,39,1,1,0,1
235,P023,11.0,facial_first,4.0,40,calibration,,,B,happy_vs_neutral,0.8,0.8,1.0,1.0,left,left,0.0,1.0,1.0,high,high,HappyPop.png,NeutralPop.png,happy,neutral,5.0,1.0,4.0,left,SPADE-5.png,4.0,I think I'm going to win this round.,Z,M,Z,Z,1.0,642.199999999837,False,1.0,1.0,1.0,1.0,1.0,40,2,1,1,1
240,P023,11.0,facial_first,4.0,41,calibration,,,A,happy_vs_sad,0.7,0.8,0.0,0.0,right,right,0.0,1.0,1.0,high,high,SadPop.png,HappyPop.png,sad,happy,6.0,2.0,4.0,left,DIAMOND-6.png,4.0,I think I'm going to win this round.,Z,M,Z,M,0.0,496.0999999992782,False,0.0,1.0,1.0,0.0,0.0,41,1,1,0,0
245,P023,11.0,facial_first,4.0,42,calibration,,,C,neutral_vs_sad,0.9,0.8,1.0,1.0,right,right,0.0,1.0,1.0,high,high,SadPop.png,NeutralPop.png,sad,neutral,5.0,8.0,3.0,right,DIAMOND-8.png,3.0,I think I'm going to win this round.,Z,M,M,Z,0.0,673.5999999999767,False,1.0,0.0,0.0,0.0,1.0,42,3,1,0,0
250,P023,11.0,facial_first,4.0,43,calibration,,,B,happy_vs_neutral,0.8,0.8,1.0,1.0,left,left,0.0,1.0,1.0,high,high,HappyPop.png,NeutralPop.png,happy,neutral,9.0,3.0,6.0,left,SPADE-9.png,6.0,I think I'm going to win this round.,Z,M,Z,Z,1.0,1372.3999999996158,False,1.0,1.0,1.0,1.0,1.0,43,2,1,1,1
255,P023,11.0,facial_first,4.0,44,calibration,,,C,neutral_vs_sad,0.9,0.8,1.0,1.0,right,right,0.0,1.0,1.0,high,high,SadPop.png,NeutralPop.png,sad,neutral,5.0,10.0,5.0,right,HEART-10.png,5.0,I think I'm going to win this round.,Z,M,M,Z,0.0,792.3999999996158,False,1.0,0.0,0.0,0.0,1.0,44,3,1,0,0
260,P023,11.0,facial_first,4.0,45,calibration,,,A,happy_vs_sad,0.7,0.8,1.0,1.0,right,right,0.0,1.0,1.0,high,high,SadPop.png,HappyPop.png,sad,happy,1.0,8.0,7.0,right,HEART-8.png,7.0,I think I'm going to win this round.,Z,M,M,M,1.0,525.4999999992433,False,0.0,1.0,1.0,1.0,0.0,45,1,1,0,0
265,P023,11.0,facial_first,4.0,46,facial_volatile,,,C,neutral_vs_sad,0.3,0.8,1.0,1.0,right,right,0.0,2.0,1.0,low,high,SadPop.png,NeutralPop.png,sad,neutral,4.0,5.0,1.0,right,DIAMOND-5.png,1.0,I think I'm going to win this round.,Z,M,M,M,1.0,744.199999999837,False,0.0,1.0,1.0,1.0,0.0,46,3,4,0,0
270,P023,11.0,facial_first,4.0,47,facial_volatile,,,A,happy_vs_sad,0.1,0.8,0.0,1.0,left,right,1.0,2.0,1.0,low,high,HappyPop.png,SadPop.png,happy,sad,5.0,10.0,5.0,right,SPADE-10.png,5.0,I think I'm going to win this round.,Z,M,M,M,1.0,1483.0999999992782,False,0.0,0.0,1.0,1.0,0.0,47,1,4,1,0
275,P023,11.0,facial_first,4.0,48,facial_volatile,,,B,happy_vs_neutral,0.2,0.8,0.0,1.0,right,left,1.0,2.0,1.0,low,high,NeutralPop.png,HappyPop.png,neutral,happy,10.0,4.0,6.0,left,SPADE-10.png,6.0,I think I'm going to win this round.,Z,M,Z,Z,1.0,705.7999999992317,False,1.0,0.0,1.0,1.0,1.0,48,2,4,0,1
280,P023,11.0,facial_first,4.0,49,facial_volatile,,,B,happy_vs_neutral,0.2,0.8,0.0,1.0,right,left,1.0,2.0,1.0,low,high,NeutralPop.png,HappyPop.png,neutral,happy,5.0,2.0,3.0,left,DIAMOND-5.png,3.0,I think I'm going to win this round.,Z,M,Z,Z,1.0,328.4999999998254,False,1.0,0.0,1.0,1.0,1.0,49,2,4,0,1
285,P023,11.0,facial_first,4.0,50,facial_volatile,,,C,neutral_vs_sad,0.3,0.8,0.0,1.0,left,right,1.0,2.0,1.0,low,high,NeutralPop.png,SadPop.png,neutral,sad,2.0,5.0,3.0,right,CLUB-5.png,3.0,I think I'm going to win this round.,Z,M,M,M,1.0,634.0999999999767,False,0.0,0.0,1.0,1.0,0.0,50,3,4,1,0
290,P023,11.0,facial_first,4.0,51,facial_volatile,,,A,happy_vs_sad,0.1,0.8,0.0,1.0,right,left,1.0,2.0,1.0,low,high,SadPop.png,HappyPop.png,sad,happy,8.0,6.0,2.0,left,DIAMOND-8.png,2.0,I think I'm going to win this round.,Z,M,Z,Z,1.0,799.699999999837,False,1.0,0.0,1.0,1.0,1.0,51,1,4,0,1
295,P023,11.0,facial_first,4.0,52,facial_volatile,,,B,happy_vs_neutral,0.2,0.8,0.0,1.0,right,left,1.0,2.0,1.0,low,high,NeutralPop.png,HappyPop.png,neutral,happy,10.0,8.0,2.0,left,HEART-10.png,2.0,I think I'm going to win this round.,Z,M,Z,Z,1.0,606.4000000000233,False,1.0,0.0,1.0,1.0,1.0,52,2,4,0,1
300,P023,11.0,facial_first,4.0,53,facial_volatile,,,C,neutral_vs_sad,0.3,0.8,1.0,1.0,left,left,0.0,2.0,1.0,low,high,NeutralPop.png,SadPop.png,neutral,sad,7.0,1.0,6.0,left,HEART-7.png,6.0,I think I'm going to win this round.,Z,M,Z,Z,1.0,690.1999999994296,False,1.0,1.0,1.0,1.0,1.0,53,3,4,1,1
305,P023,11.0,facial_first,4.0,54,facial_volatile,,,A,happy_vs_sad,0.1,0.8,0.0,1.0,right,left,1.0,2.0,1.0,low,high,SadPop.png,HappyPop.png,sad,happy,6.0,4.0,2.0,left,HEART-6.png,2.0,I think I'm going to win this round.,Z,M,Z,Z,1.0,344.2999999996391,False,1.0,0.0,1.0,1.0,1.0,54,1,4,0,1
310,P023,11.0,facial_first,4.0,55,facial_volatile,,,B,happy_vs_neutral,0.2,0.8,0.0,1.0,right,left,1.0,2.0,1.0,low,high,NeutralPop.png,HappyPop.png,neutral,happy,9.0,6.0,3.0,left,CLUB-9.png,3.0,I think I'm going to win this round.,Z,M,Z,Z,1.0,1028.5999999992782,False,1.0,0.0,1.0,1.0,1.0,55,2,4,0,1
315,P023,11.0,facial_first,4.0,56,facial_volatile,,,A,happy_vs_sad,0.1,0.8,0.0,1.0,left,right,1.0,2.0,1.0,low,high,HappyPop.png,SadPop.png,happy,sad,6.0,7.0,1.0,right,DIAMOND-7.png,1.0,I think I'm going to win this round.,Z,M,M,M,1.0,1406.0,False,0.0,0.0,1.0,1.0,0.0,56,1,4,1,0
320,P023,11.0,facial_first,4.0,57,facial_volatile,,,C,neutral_vs_sad,0.3,0.8,0.0,1.0,right,left,1.0,2.0,1.0,low,high,SadPop.png,NeutralPop.png,sad,neutral,6.0,3.0,3.0,left,SPADE-6.png,3.0,I think I'm going to win this round.,Z,M,Z,Z,1.0,180.0999999998021,False,1.0,0.0,1.0,1.0,1.0,57,3,4,0,1
325,P023,11.0,facial_first,4.0,58,facial_volatile,,,A,happy_vs_sad,0.1,0.8,0.0,0.0,left,left,0.0,2.0,1.0,low,high,HappyPop.png,SadPop.png,happy,sad,3.0,8.0,5.0,right,SPADE-8.png,5.0,I think I'm going to win this round.,Z,M,M,Z,0.0,60.19999999983702,False,1.0,1.0,1.0,0.0,1.0,58,1,4,1,1
330,P023,11.0,facial_first,4.0,59,facial_volatile,,,B,happy_vs_neutral,0.2,0.8,0.0,1.0,left,right,1.0,2.0,1.0,low,high,HappyPop.png,NeutralPop.png,happy,neutral,3.0,9.0,6.0,right,CLUB-9.png,6.0,I think I'm going to win this round.,Z,M,M,M,1.0,838.7999999994645,False,0.0,0.0,1.0,1.0,0.0,59,2,4,1,0
335,P023,11.0,facial_first,4.0,60,facial_volatile,,,C,neutral_vs_sad,0.3,0.8,0.0,1.0,left,right,1.0,2.0,1.0,low,high,NeutralPop.png,SadPop.png,neutral,sad,5.0,8.0,3.0,right,DIAMOND-8.png,3.0,I think I'm going to win this round.,Z,M,M,M,1.0,779.6999999994296,False,0.0,0.0,1.0,1.0,0.0,60,3,4,1,0
340,P023,11.0,facial_first,4.0,61,facial_volatile,,,B,happy_vs_neutral,0.8,0.8,1.0,0.0,right,left,1.0,3.0,1.0,high,high,NeutralPop.png,HappyPop.png,neutral,happy,9.0,10.0,1.0,right,CLUB-10.png,1.0,I think I'm going to win this round.,Z,M,M,M,1.0,487.6999999996042,False,0.0,1.0,0.0,1.0,0.0,61,2,4,0,1
345,P023,11.0,facial_first,4.0,62,facial_volatile,,,C,neutral_vs_sad,0.9,0.8,1.0,1.0,right,right,0.0,3.0,1.0,high,high,SadPop.png,NeutralPop.png,sad,neutral,5.0,10.0,5.0,right,DIAMOND-10.png,5.0,I think I'm going to win this round.,Z,M,M,M,1.0,588.7999999998137,False,0.0,1.0,1.0,1.0,0.0,62,3,4,0,0
350,P023,11.0,facial_first,4.0,63,facial_volatile,,,A,happy_vs_sad,0.7,0.8,1.0,0.0,right,left,1.0,3.0,1.0,high,high,SadPop.png,HappyPop.png,sad,happy,3.0,10.0,7.0,right,DIAMOND-10.png,7.0,I think I'm going to win this round.,Z,M,M,Z,0.0,531.9999999992433,False,1.0,0.0,1.0,0.0,1.0,63,1,4,0,1
355,P023,11.0,facial_first,4.0,64,facial_volatile,,,B,happy_vs_neutral,0.8,0.8,1.0,1.0,left,left,0.0,3.0,1.0,high,high,HappyPop.png,NeutralPop.png,happy,neutral,9.0,6.0,3.0,left,SPADE-9.png,3.0,I think I'm going to win this round.,Z,M,Z,M,0.0,610.2999999996391,False,0.0,0.0,0.0,0.0,0.0,64,2,4,1,1
360,P023,11.0,facial_first,4.0,65,facial_volatile,,,A,happy_vs_sad,0.7,0.8,1.0,1.0,left,left,0.0,3.0,1.0,high,high,HappyPop.png,SadPop.png,happy,sad,6.0,4.0,2.0,left,DIAMOND-6.png,2.0,I think I'm going to win this round.,Z,M,Z,Z,1.0,594.7000000000116,False,1.0,1.0,1.0,1.0,1.0,65,1,4,1,1
365,P023,11.0,facial_first,4.0,66,facial_volatile,,,C,neutral_vs_sad,0.9,0.8,1.0,1.0,left,left,0.0,3.0,1.0,high,high,NeutralPop.png,SadPop.png,neutral,sad,6.0,4.0,2.0,left,SPADE-6.png,2.0,I think I'm going to win this round.,Z,M,Z,Z,1.0,641.699999999837,False,1.0,1.0,1.0,1.0,1.0,66,3,4,1,1
370,P023,11.0,facial_first,4.0,67,facial_volatile,,,A,happy_vs_sad,0.7,0.8,0.0,1.0,left,right,1.0,3.0,1.0,high,high,HappyPop.png,SadPop.png,happy,sad,3.0,8.0,5.0,right,SPADE-8.png,5.0,I think I'm going to win this round.,Z,M,M,M,1.0,483.7999999994645,False,0.0,0.0,1.0,1.0,0.0,67,1,4,1,0
375,P023,11.0,facial_first,4.0,68,facial_volatile,,,C,neutral_vs_sad,0.9,0.8,0.0,1.0,right,left,1.0,3.0,1.0,high,high,SadPop.png,NeutralPop.png,sad,neutral,9.0,7.0,2.0,left,CLUB-9.png,2.0,I think I'm going to win this round.,Z,M,Z,Z,1.0,378.7000000000117,False,1.0,0.0,1.0,1.0,1.0,68,3,4,0,1
380,P023,11.0,facial_first,4.0,69,facial_volatile,,,B,happy_vs_neutral,0.8,0.8,1.0,1.0,left,left,0.0,3.0,1.0,high,high,HappyPop.png,NeutralPop.png,happy,neutral,3.0,2.0,1.0,left,SPADE-3.png,1.0,I think I'm going to win this round.,Z,M,Z,Z,1.0,194.4999999992433,False,1.0,1.0,1.0,1.0,1.0,69,2,4,1,1
385,P023,11.0,facial_first,4.0,70,facial_volatile,,,C,neutral_vs_sad,0.9,0.8,1.0,1.0,left,left,0.0,3.0,1.0,high,high,NeutralPop.png,SadPop.png,neutral,sad,9.0,2.0,7.0,left,HEART-9.png,7.0,I think I'm going to win this round.,Z,M,Z,M,0.0,592.1999999992549,False,0.0,0.0,0.0,0.0,0.0,70,3,4,1,1
390,P023,11.0,facial_first,4.0,71,facial_volatile,,,B,happy_vs_neutral,0.8,0.8,1.0,1.0,left,left,0.0,3.0,1.0,high,high,HappyPop.png,NeutralPop.png,happy,neutral,8.0,5.0,3.0,left,CLUB-8.png,3.0,I think I'm going to win this round.,Z,M,Z,Z,1.0,774.0,False,1.0,1.0,1.0,1.0,1.0,71,2,4,1,1
395,P023,11.0,facial_first,4.0,72,facial_volatile,,,A,happy_vs_sad,0.7,0.8,1.0,1.0,left,left,0.0,3.0,1.0,high,high,HappyPop.png,SadPop.png,happy,sad,3.0,2.0,1.0,left,DIAMOND-3.png,1.0,I think I'm going to win this round.,Z,M,Z,M,0.0,1007.2999999992315,False,0.0,0.0,0.0,0.0,0.0,72,1,4,1,1
400,P023,11.0,facial_first,4.0,73,facial_volatile,,,B,happy_vs_neutral,0.8,0.8,1.0,1.0,left,left,0.0,3.0,1.0,high,high,HappyPop.png,NeutralPop.png,happy,neutral,8.0,6.0,2.0,left,HEART-8.png,2.0,I think I'm going to win this round.,Z,M,Z,M,0.0,557.8999999996158,False,0.0,0.0,0.0,0.0,0.0,73,2,4,1,1
405,P023,11.0,facial_first,4.0,74,facial_volatile,,,C,neutral_vs_sad,0.9,0.8,1.0,1.0,left,left,0.0,3.0,1.0,high,high,NeutralPop.png,SadPop.png,neutral,sad,9.0,6.0,3.0,left,HEART-9.png,3.0,I think I'm going to win this round.,Z,M,Z,M,0.0,688.8999999997905,False,0.0,0.0,0.0,0.0,0.0,74,3,4,1,1
410,P023,11.0,facial_first,4.0,75,facial_volatile,,,A,happy_vs_sad,0.7,0.8,0.0,0.0,right,right,0.0,3.0,1.0,high,high,SadPop.png,HappyPop.png,sad,happy,9.0,8.0,1.0,left,HEART-9.png,1.0,I think I'm going to win this round.,Z,M,Z,Z,1.0,1452.1999999994878,False,1.0,0.0,0.0,1.0,1.0,75,1,4,0,0
415,P023,11.0,facial_first,4.0,76,facial_volatile,,,B,happy_vs_neutral,0.2,0.8,0.0,1.0,left,right,1.0,4.0,1.0,low,high,HappyPop.png,NeutralPop.png,happy,neutral,1.0,5.0,4.0,right,DIAMOND-5.png,4.0,I think I'm going to win this round.,Z,M,M,M,1.0,579.7999999994645,False,0.0,0.0,1.0,1.0,0.0,76,2,4,1,0
420,P023,11.0,facial_first,4.0,77,facial_volatile,,,A,happy_vs_sad,0.1,0.8,1.0,1.0,left,left,0.0,4.0,1.0,low,high,HappyPop.png,SadPop.png,happy,sad,9.0,1.0,8.0,left,CLUB-9.png,8.0,I think I'm going to win this round.,Z,M,Z,Z,1.0,622.3999999992084,False,1.0,1.0,1.0,1.0,1.0,77,1,4,1,1
425,P023,11.0,facial_first,4.0,78,facial_volatile,,,C,neutral_vs_sad,0.3,0.8,0.0,0.0,right,right,0.0,4.0,1.0,low,high,SadPop.png,NeutralPop.png,sad,neutral,10.0,3.0,7.0,left,CLUB-10.png,7.0,I think I'm going to win this round.,Z,M,Z,M,0.0,578.3999999997905,False,0.0,1.0,1.0,0.0,0.0,78,3,4,0,0
430,P023,11.0,facial_first,4.0,79,facial_volatile,,,C,neutral_vs_sad,0.3,0.8,0.0,1.0,right,left,1.0,4.0,1.0,low,high,SadPop.png,NeutralPop.png,sad,neutral,10.0,2.0,8.0,left,CLUB-10.png,8.0,I think I'm going to win this round.,Z,M,Z,Z,1.0,557.6999999996042,False,1.0,0.0,1.0,1.0,1.0,79,3,4,0,1
435,P023,11.0,facial_first,4.0,80,facial_volatile,,,B,happy_vs_neutral,0.2,0.8,0.0,1.0,left,right,1.0,4.0,1.0,low,high,HappyPop.png,NeutralPop.png,happy,neutral,1.0,6.0,5.0,right,DIAMOND-6.png,5.0,I think I'm going to win this round.,Z,M,M,M,1.0,511.59999999939464,False,0.0,0.0,1.0,1.0,0.0,80,2,4,1,0
440,P023,11.0,facial_first,4.0,81,facial_volatile,,,A,happy_vs_sad,0.1,0.8,0.0,1.0,left,right,1.0,4.0,1.0,low,high,HappyPop.png,SadPop.png,happy,sad,6.0,9.0,3.0,right,DIAMOND-9.png,3.0,I think I'm going to win this round.,Z,M,M,M,1.0,539.3000000000466,False,0.0,0.0,1.0,1.0,0.0,81,1,4,1,0
445,P023,11.0,facial_first,4.0,82,facial_volatile,,,C,neutral_vs_sad,0.3,0.8,0.0,1.0,left,right,1.0,4.0,1.0,low,high,NeutralPop.png,SadPop.png,neutral,sad,4.0,7.0,3.0,right,CLUB-7.png,3.0,I think I'm going to win this round.,Z,M,M,M,1.0,596.0999999996275,False,0.0,0.0,1.0,1.0,0.0,82,3,4,1,0
450,P023,11.0,facial_first,4.0,83,facial_volatile,,,A,happy_vs_sad,0.1,0.8,0.0,1.0,left,right,1.0,4.0,1.0,low,high,HappyPop.png,SadPop.png,happy,sad,2.0,7.0,5.0,right,DIAMOND-7.png,5.0,I think I'm going to win this round.,Z,M,M,M,1.0,652.6999999992549,False,0.0,0.0,1.0,1.0,0.0,83,1,4,1,0
455,P023,11.0,facial_first,4.0,84,facial_volatile,,,B,happy_vs_neutral,0.2,0.8,1.0,0.0,right,left,1.0,4.0,1.0,low,high,NeutralPop.png,HappyPop.png,neutral,happy,7.0,10.0,3.0,right,DIAMOND-10.png,3.0,I think I'm going to win this round.,Z,M,M,Z,0.0,290.19999999995343,False,1.0,0.0,1.0,0.0,1.0,84,2,4,0,1
460,P023,11.0,facial_first,4.0,85,facial_volatile,,,C,neutral_vs_sad,0.3,0.8,0.0,1.0,right,left,1.0,4.0,1.0,low,high,SadPop.png,NeutralPop.png,sad,neutral,10.0,7.0,3.0,left,CLUB-10.png,3.0,I think I'm going to win this round.,Z,M,Z,Z,1.0,644.6999999992549,False,1.0,0.0,1.0,1.0,1.0,85,3,4,0,1
465,P023,11.0,facial_first,4.0,86,facial_volatile,,,A,happy_vs_sad,0.1,0.8,0.0,1.0,right,left,1.0,4.0,1.0,low,high,SadPop.png,HappyPop.png,sad,happy,10.0,1.0,9.0,left,DIAMOND-10.png,9.0,I think I'm going to win this round.,Z,M,Z,Z,1.0,632.1999999999534,False,1.0,0.0,1.0,1.0,1.0,86,1,4,0,1
470,P023,11.0,facial_first,4.0,87,facial_volatile,,,B,happy_vs_neutral,0.2,0.8,0.0,1.0,right,left,1.0,4.0,1.0,low,high,NeutralPop.png,HappyPop.png,neutral,happy,10.0,9.0,1.0,left,CLUB-10.png,1.0,I think I'm going to win this round.,Z,M,Z,Z,1.0,304.0999999992782,False,1.0,0.0,1.0,1.0,1.0,87,2,4,0,1
475,P023,11.0,facial_first,4.0,88,facial_volatile,,,A,happy_vs_sad,0.1,0.8,0.0,1.0,left,right,1.0,4.0,1.0,low,high,HappyPop.png,SadPop.png,happy,sad,2.0,3.0,1.0,right,SPADE-3.png,1.0,I think I'm going to win this round.,Z,M,M,M,1.0,228.09999999962747,False,0.0,0.0,1.0,1.0,0.0,88,1,4,1,0
480,P023,11.0,facial_first,4.0,89,facial_volatile,,,B,happy_vs_neutral,0.2,0.8,0.0,1.0,left,right,1.0,4.0,1.0,low,high,HappyPop.png,NeutralPop.png,happy,neutral,7.0,9.0,2.0,right,DIAMOND-9.png,2.0,I think I'm going to win this round.,Z,M,M,Z,0.0,559.0,False,1.0,1.0,0.0,0.0,1.0,89,2,4,1,0
485,P023,11.0,facial_first,4.0,90,facial_volatile,,,C,neutral_vs_sad,0.3,0.8,1.0,1.0,right,right,0.0,4.0,1.0,low,high,SadPop.png,NeutralPop.png,sad,neutral,3.0,5.0,2.0,right,CLUB-5.png,2.0,I think I'm going to win this round.,Z,M,M,Z,0.0,554.4999999993015,False,1.0,0.0,0.0,0.0,1.0,90,3,4,0,0
491,P023,11.0,facial_first,4.0,91,overlap,,,A,happy_vs_sad,0.7,0.2,1.0,1.0,right,right,0.0,5.0,2.0,high,low,SadPop.png,HappyPop.png,sad,happy,1.0,3.0,2.0,right,SPADE-3.png,2.0,I think I'm going to win this round.,Z,M,M,M,1.0,1116.5999999999767,False,0.0,1.0,1.0,1.0,0.0,91,1,3,0,0
496,P023,11.0,facial_first,4.0,92,overlap,,,C,neutral_vs_sad,0.9,0.2,1.0,1.0,right,right,0.0,5.0,2.0,high,low,SadPop.png,NeutralPop.png,sad,neutral,2.0,4.0,2.0,right,HEART-4.png,2.0,I think I'm going to win this round.,Z,M,M,Z,0.0,58.299999999580905,False,1.0,0.0,0.0,0.0,1.0,92,3,3,0,0
501,P023,11.0,facial_first,4.0,93,overlap,,,B,happy_vs_neutral,0.8,0.2,1.0,0.0,right,left,1.0,5.0,2.0,high,low,NeutralPop.png,HappyPop.png,neutral,happy,5.0,7.0,2.0,right,CLUB-7.png,2.0,I think I'm going to win this round.,Z,M,M,Z,0.0,613.199999999837,False,1.0,0.0,1.0,0.0,1.0,93,2,3,0,1
506,P023,11.0,facial_first,4.0,94,overlap,,,B,happy_vs_neutral,0.8,0.2,0.0,0.0,left,left,0.0,5.0,2.0,high,low,HappyPop.png,NeutralPop.png,happy,neutral,7.0,8.0,1.0,right,HEART-8.png,1.0,I think I'm going to win this round.,Z,M,M,M,1.0,742.0,False,0.0,0.0,0.0,1.0,0.0,94,2,3,1,1
511,P023,11.0,facial_first,4.0,95,overlap,,,C,neutral_vs_sad,0.9,0.2,1.0,1.0,right,right,0.0,5.0,2.0,high,low,SadPop.png,NeutralPop.png,sad,neutral,4.0,7.0,3.0,right,CLUB-7.png,3.0,I think I'm going to win this round.,Z,M,M,Z,0.0,399.4999999996507,False,1.0,0.0,0.0,0.0,1.0,95,3,3,0,0
516,P023,11.0,facial_first,4.0,96,overlap,,,A,happy_vs_sad,0.7,0.2,1.0,0.0,right,left,1.0,5.0,2.0,high,low,SadPop.png,HappyPop.png,sad,happy,3.0,4.0,1.0,right,CLUB-4.png,1.0,I think I'm going to win this round.,Z,M,M,Z,0.0,35.299999999813735,False,1.0,0.0,1.0,0.0,1.0,96,1,3,0,1
521,P023,11.0,facial_first,4.0,97,overlap,,,A,happy_vs_sad,0.7,0.2,1.0,0.0,right,left,1.0,5.0,2.0,high,low,SadPop.png,HappyPop.png,sad,happy,2.0,6.0,4.0,right,HEART-6.png,4.0,I think I'm going to win this round.,Z,M,M,M,1.0,172.29999999923166,False,0.0,1.0,0.0,1.0,0.0,97,1,3,0,1
526,P023,11.0,facial_first,4.0,98,overlap,,,C,neutral_vs_sad,0.9,0.2,1.0,1.0,right,right,0.0,5.0,2.0,high,low,SadPop.png,NeutralPop.png,sad,neutral,1.0,7.0,6.0,right,DIAMOND-7.png,6.0,I think I'm going to win this round.,Z,M,M,M,1.0,650.0999999996275,False,0.0,1.0,1.0,1.0,0.0,98,3,3,0,0
531,P023,11.0,facial_first,4.0,99,overlap,,,B,happy_vs_neutral,0.8,0.2,1.0,1.0,right,right,0.0,5.0,2.0,high,low,NeutralPop.png,HappyPop.png,neutral,happy,5.0,10.0,5.0,right,HEART-10.png,5.0,I think I'm going to win this round.,Z,M,M,M,1.0,210.40000000002328,False,0.0,1.0,1.0,1.0,0.0,99,2,3,0,0
536,P023,11.0,facial_first,4.0,100,overlap,,,B,happy_vs_neutral,0.8,0.2,1.0,0.0,left,right,1.0,5.0,2.0,high,low,HappyPop.png,NeutralPop.png,happy,neutral,7.0,4.0,3.0,left,DIAMOND-7.png,3.0,I think I'm going to win this round.,Z,M,Z,M,0.0,1293.0999999996277,False,0.0,0.0,1.0,0.0,0.0,100,2,3,1,0
541,P023,11.0,facial_first,4.0,101,overlap,,,A,happy_vs_sad,0.7,0.2,0.0,1.0,right,left,1.0,5.0,2.0,high,low,SadPop.png,HappyPop.png,sad,happy,9.0,3.0,6.0,left,CLUB-9.png,6.0,I think I'm going to win this round.,Z,M,Z,Z,1.0,551.0,False,1.0,0.0,1.0,1.0,1.0,101,1,3,0,1
546,P023,11.0,facial_first,4.0,102,overlap,,,C,neutral_vs_sad,0.9,0.2,1.0,0.0,left,right,1.0,5.0,2.0,high,low,NeutralPop.png,SadPop.png,neutral,sad,9.0,3.0,6.0,left,CLUB-9.png,6.0,I think I'm going to win this round.,Z,M,Z,Z,1.0,561.5999999996275,False,1.0,1.0,0.0,1.0,1.0,102,3,3,1,0
551,P023,11.0,facial_first,4.0,103,overlap,,,A,happy_vs_sad,0.7,0.2,1.0,1.0,left,left,0.0,5.0,2.0,high,low,HappyPop.png,SadPop.png,happy,sad,10.0,8.0,2.0,left,HEART-10.png,2.0,I think I'm going to win this round.,Z,M,Z,Z,1.0,671.2999999994645,False,1.0,1.0,1.0,1.0,1.0,103,1,3,1,1
556,P023,11.0,facial_first,4.0,104,overlap,,,C,neutral_vs_sad,0.9,0.2,1.0,1.0,left,left,0.0,5.0,2.0,high,low,NeutralPop.png,SadPop.png,neutral,sad,9.0,1.0,8.0,left,DIAMOND-9.png,8.0,I think I'm going to win this round.,Z,M,Z,Z,1.0,841.1999999994878,False,1.0,1.0,1.0,1.0,1.0,104,3,3,1,1
561,P023,11.0,facial_first,4.0,105,overlap,,,B,happy_vs_neutral,0.8,0.2,1.0,0.0,left,right,1.0,5.0,2.0,high,low,HappyPop.png,NeutralPop.png,happy,neutral,5.0,4.0,1.0,left,CLUB-5.png,1.0,I think I'm going to win this round.,Z,M,Z,M,0.0,524.0999999999767,False,0.0,0.0,1.0,0.0,0.0,105,2,3,1,0
566,P023,11.0,facial_first,4.0,106,verbal_volatile,,,B,happy_vs_neutral,0.2,0.2,0.0,1.0,right,left,1.0,6.0,2.0,low,low,NeutralPop.png,HappyPop.png,neutral,happy,10.0,2.0,8.0,left,CLUB-10.png,8.0,I think I'm going to win this round.,Z,M,Z,Z,1.0,1883.1999999999537,False,1.0,0.0,1.0,1.0,1.0,106,2,2,0,1
571,P023,11.0,facial_first,4.0,107,verbal_volatile,,,A,happy_vs_sad,0.1,0.2,0.0,1.0,left,right,1.0,6.0,2.0,low,low,HappyPop.png,SadPop.png,happy,sad,1.0,8.0,7.0,right,CLUB-8.png,7.0,I think I'm going to win this round.,Z,M,M,M,1.0,903.7999999992315,False,0.0,0.0,1.0,1.0,0.0,107,1,2,1,0
576,P023,11.0,facial_first,4.0,108,verbal_volatile,,,C,neutral_vs_sad,0.3,0.2,0.0,0.0,right,right,0.0,6.0,2.0,low,low,SadPop.png,NeutralPop.png,sad,neutral,10.0,7.0,3.0,left,HEART-10.png,3.0,I think I'm going to win this round.,Z,M,Z,M,0.0,695.0999999999767,False,0.0,1.0,1.0,0.0,0.0,108,3,2,0,0
581,P023,11.0,facial_first,4.0,109,verbal_volatile,,,A,happy_vs_sad,0.1,0.2,0.0,0.0,right,right,0.0,6.0,2.0,low,low,SadPop.png,HappyPop.png,sad,happy,8.0,5.0,3.0,left,HEART-8.png,3.0,I think I'm going to win this round.,Z,M,Z,M,0.0,1343.0999999999767,False,0.0,1.0,1.0,0.0,0.0,109,1,2,0,0
586,P023,11.0,facial_first,4.0,110,verbal_volatile,,,B,happy_vs_neutral,0.2,0.2,0.0,0.0,right,right,0.0,6.0,2.0,low,low,NeutralPop.png,HappyPop.png,neutral,happy,4.0,2.0,2.0,left,DIAMOND-4.png,2.0,I think I'm going to win this round.,Z,M,Z,Z,1.0,511.69999999995343,False,1.0,0.0,0.0,1.0,1.0,110,2,2,0,0
591,P023,11.0,facial_first,4.0,111,verbal_volatile,,,C,neutral_vs_sad,0.3,0.2,0.0,0.0,right,right,0.0,6.0,2.0,low,low,SadPop.png,NeutralPop.png,sad,neutral,10.0,2.0,8.0,left,SPADE-10.png,8.0,I think I'm going to win this round.,Z,M,Z,Z,1.0,1678.2999999994645,False,1.0,0.0,0.0,1.0,1.0,111,3,2,0,0
596,P023,11.0,facial_first,4.0,112,verbal_volatile,,,C,neutral_vs_sad,0.3,0.2,0.0,0.0,left,left,0.0,6.0,2.0,low,low,NeutralPop.png,SadPop.png,neutral,sad,7.0,8.0,1.0,right,DIAMOND-8.png,1.0,I think I'm going to win this round.,Z,M,M,Z,0.0,884.4999999996508,False,1.0,1.0,1.0,0.0,1.0,112,3,2,1,1
601,P023,11.0,facial_first,4.0,113,verbal_volatile,,,B,happy_vs_neutral,0.2,0.2,0.0,0.0,right,right,0.0,6.0,2.0,low,low,NeutralPop.png,HappyPop.png,neutral,happy,6.0,2.0,4.0,left,HEART-6.png,4.0,I think I'm going to win this round.,Z,M,Z,Z,1.0,472.2999999994645,False,1.0,0.0,0.0,1.0,1.0,113,2,2,0,0
606,P023,11.0,facial_first,4.0,114,verbal_volatile,,,A,happy_vs_sad,0.1,0.2,0.0,0.0,left,left,0.0,6.0,2.0,low,low,HappyPop.png,SadPop.png,happy,sad,2.0,9.0,7.0,right,DIAMOND-9.png,7.0,I think I'm going to win this round.,Z,M,M,Z,0.0,517.2999999998137,False,1.0,1.0,1.0,0.0,1.0,114,1,2,1,1
611,P023,11.0,facial_first,4.0,115,verbal_volatile,,,B,happy_vs_neutral,0.2,0.2,0.0,0.0,right,right,0.0,6.0,2.0,low,low,NeutralPop.png,HappyPop.png,neutral,happy,9.0,2.0,7.0,left,SPADE-9.png,7.0,I think I'm going to win this round.,Z,M,Z,Z,1.0,228.8999999994412,False,1.0,0.0,0.0,1.0,1.0,115,2,2,0,0
616,P023,11.0,facial_first,4.0,116,verbal_volatile,,,C,neutral_vs_sad,0.3,0.2,0.0,0.0,left,left,0.0,6.0,2.0,low,low,NeutralPop.png,SadPop.png,neutral,sad,1.0,2.0,1.0,right,DIAMOND-2.png,1.0,I think I'm going to win this round.,Z,M,M,Z,0.0,543.5,False,1.0,1.0,1.0,0.0,1.0,116,3,2,1,1
621,P023,11.0,facial_first,4.0,117,verbal_volatile,,,A,happy_vs_sad,0.1,0.2,0.0,1.0,right,left,1.0,6.0,2.0,low,low,SadPop.png,HappyPop.png,sad,happy,10.0,1.0,9.0,left,SPADE-10.png,9.0,I think I'm going to win this round.,Z,M,Z,M,0.0,623.9000000000233,False,0.0,1.0,0.0,0.0,0.0,117,1,2,0,1
626,P023,11.0,facial_first,4.0,118,verbal_volatile,,,A,happy_vs_sad,0.1,0.2,0.0,0.0,left,left,0.0,6.0,2.0,low,low,HappyPop.png,SadPop.png,happy,sad,4.0,5.0,1.0,right,DIAMOND-5.png,1.0,I think I'm going to win this round.,Z,M,M,M,1.0,583.4000000001397,False,0.0,0.0,0.0,1.0,0.0,118,1,2,1,1
631,P023,11.0,facial_first,4.0,119,verbal_volatile,,,B,happy_vs_neutral,0.2,0.2,0.0,1.0,left,right,1.0,6.0,2.0,low,low,HappyPop.png,NeutralPop.png,happy,neutral,5.0,8.0,3.0,right,DIAMOND-8.png,3.0,I think I'm going to win this round.,Z,M,M,Z,0.0,568.8999999997905,False,1.0,1.0,0.0,0.0,1.0,119,2,2,1,0
636,P023,11.0,facial_first,4.0,120,verbal_volatile,,,C,neutral_vs_sad,0.3,0.2,0.0,0.0,left,left,0.0,6.0,2.0,low,low,NeutralPop.png,SadPop.png,neutral,sad,1.0,6.0,5.0,right,SPADE-6.png,5.0,I think I'm going to win this round.,Z,M,M,Z,0.0,801.0999999993946,False,1.0,1.0,1.0,0.0,1.0,120,3,2,1,1
641,P023,11.0,facial_first,4.0,121,verbal_volatile,,,A,happy_vs_sad,0.1,0.8,0.0,1.0,left,right,1.0,6.0,3.0,low,high,HappyPop.png,SadPop.png,happy,sad,6.0,8.0,2.0,right,DIAMOND-8.png,2.0,I think I'm going to win this round.,Z,M,M,M,1.0,906.5,False,0.0,0.0,1.0,1.0,0.0,121,1,2,1,0
646,P023,11.0,facial_first,4.0,122,verbal_volatile,,,C,neutral_vs_sad,0.3,0.8,0.0,1.0,right,left,1.0,6.0,3.0,low,high,SadPop.png,NeutralPop.png,sad,neutral,8.0,6.0,2.0,left,CLUB-8.png,2.0,I think I'm going to win this round.,Z,M,Z,M,0.0,1257.0999999993946,False,0.0,1.0,0.0,0.0,0.0,122,3,2,0,1
651,P023,11.0,facial_first,4.0,123,verbal_volatile,,,B,happy_vs_neutral,0.2,0.8,0.0,1.0,left,right,1.0,6.0,3.0,low,high,HappyPop.png,NeutralPop.png,happy,neutral,5.0,6.0,1.0,right,SPADE-6.png,1.0,I think I'm going to win this round.,Z,M,M,M,1.0,847.0999999999767,False,0.0,0.0,1.0,1.0,0.0,123,2,2,1,0
656,P023,11.0,facial_first,4.0,124,verbal_volatile,,,C,neutral_vs_sad,0.3,0.8,0.0,1.0,right,left,1.0,6.0,3.0,low,high,SadPop.png,NeutralPop.png,sad,neutral,9.0,3.0,6.0,left,HEART-9.png,6.0,I think I'm going to win this round.,Z,M,Z,Z,1.0,663.9999999993015,False,1.0,0.0,1.0,1.0,1.0,124,3,2,0,1
661,P023,11.0,facial_first,4.0,125,verbal_volatile,,,A,happy_vs_sad,0.1,0.8,0.0,1.0,left,right,1.0,6.0,3.0,low,high,HappyPop.png,SadPop.png,happy,sad,1.0,10.0,9.0,right,DIAMOND-10.png,9.0,I think I'm going to win this round.,Z,M,M,Z,0.0,593.8000000000466,False,1.0,1.0,0.0,0.0,1.0,125,1,2,1,0
666,P023,11.0,facial_first,4.0,126,verbal_volatile,,,B,happy_vs_neutral,0.2,0.8,0.0,1.0,right,left,1.0,6.0,3.0,low,high,NeutralPop.png,HappyPop.png,neutral,happy,10.0,5.0,5.0,left,HEART-10.png,5.0,I think I'm going to win this round.,Z,M,Z,Z,1.0,668.2999999995809,False,1.0,0.0,1.0,1.0,1.0,126,2,2,0,1
671,P023,11.0,facial_first,4.0,127,verbal_volatile,,,A,happy_vs_sad,0.1,0.8,1.0,0.0,right,left,1.0,6.0,3.0,low,high,SadPop.png,HappyPop.png,sad,happy,6.0,8.0,2.0,right,SPADE-8.png,2.0,I think I'm going to win this round.,Z,M,M,Z,0.0,1316.3000000000466,False,1.0,0.0,1.0,0.0,1.0,127,1,2,0,1
676,P023,11.0,facial_first,4.0,128,verbal_volatile,,,C,neutral_vs_sad,0.3,0.8,1.0,0.0,left,right,1.0,6.0,3.0,low,high,NeutralPop.png,SadPop.png,neutral,sad,8.0,5.0,3.0,left,DIAMOND-8.png,3.0,I think I'm going to win this round.,Z,M,Z,M,0.0,1111.4999999993015,False,0.0,0.0,1.0,0.0,0.0,128,3,2,1,0
681,P023,11.0,facial_first,4.0,129,verbal_volatile,,,B,happy_vs_neutral,0.2,0.8,0.0,0.0,right,right,0.0,6.0,3.0,low,high,NeutralPop.png,HappyPop.png,neutral,happy,7.0,2.0,5.0,left,CLUB-7.png,5.0,I think I'm going to win this round.,Z,M,Z,Z,1.0,939.6999999994878,False,1.0,0.0,0.0,1.0,1.0,129,2,2,0,0
686,P023,11.0,facial_first,4.0,130,verbal_volatile,,,C,neutral_vs_sad,0.3,0.8,0.0,1.0,left,right,1.0,6.0,3.0,low,high,NeutralPop.png,SadPop.png,neutral,sad,1.0,7.0,6.0,right,HEART-7.png,6.0,I think I'm going to win this round.,Z,M,M,Z,0.0,814.9999999994179,False,1.0,1.0,0.0,0.0,1.0,130,3,2,1,0
691,P023,11.0,facial_first,4.0,131,verbal_volatile,,,A,happy_vs_sad,0.1,0.8,0.0,1.0,left,right,1.0,6.0,3.0,low,high,HappyPop.png,SadPop.png,happy,sad,3.0,5.0,2.0,right,DIAMOND-5.png,2.0,I think I'm going to win this round.,Z,M,M,M,1.0,390.5999999996274,False,0.0,0.0,1.0,1.0,0.0,131,1,2,1,0
696,P023,11.0,facial_first,4.0,132,verbal_volatile,,,B,happy_vs_neutral,0.2,0.8,0.0,1.0,left,right,1.0,6.0,3.0,low,high,HappyPop.png,NeutralPop.png,happy,neutral,1.0,4.0,3.0,right,DIAMOND-4.png,3.0,I think I'm going to win this round.,Z,M,M,M,1.0,954.9999999997672,False,0.0,0.0,1.0,1.0,0.0,132,2,2,1,0
701,P023,11.0,facial_first,4.0,133,verbal_volatile,,,B,happy_vs_neutral,0.2,0.8,1.0,0.0,right,left,1.0,6.0,3.0,low,high,NeutralPop.png,HappyPop.png,neutral,happy,1.0,4.0,3.0,right,HEART-4.png,3.0,I think I'm going to win this round.,Z,M,M,Z,0.0,524.9999999994179,False,1.0,0.0,1.0,0.0,1.0,133,2,2,0,1
706,P023,11.0,facial_first,4.0,134,verbal_volatile,,,A,happy_vs_sad,0.1,0.8,0.0,1.0,right,left,1.0,6.0,3.0,low,high,SadPop.png,HappyPop.png,sad,happy,4.0,3.0,1.0,left,SPADE-4.png,1.0,I think I'm going to win this round.,Z,M,Z,M,0.0,509.2999999995809,False,0.0,1.0,0.0,0.0,0.0,134,1,2,0,1
711,P023,11.0,facial_first,4.0,135,verbal_volatile,,,C,neutral_vs_sad,0.3,0.8,0.0,1.0,right,left,1.0,6.0,3.0,low,high,SadPop.png,NeutralPop.png,sad,neutral,7.0,4.0,3.0,left,HEART-7.png,3.0,I think I'm going to win this round.,Z,M,Z,M,0.0,695.3999999992084,False,0.0,1.0,0.0,0.0,0.0,135,3,2,0,1
716,P023,11.0,facial_first,4.0,136,verbal_volatile,,,B,happy_vs_neutral,0.2,0.8,0.0,1.0,right,left,1.0,6.0,3.0,low,high,NeutralPop.png,HappyPop.png,neutral,happy,7.0,4.0,3.0,left,SPADE-7.png,3.0,I think I'm going to win this round.,Z,M,Z,Z,1.0,512.8999999994412,False,1.0,0.0,1.0,1.0,1.0,136,2,2,0,1
721,P023,11.0,facial_first,4.0,137,verbal_volatile,,,C,neutral_vs_sad,0.3,0.8,0.0,1.0,left,right,1.0,6.0,3.0,low,high,NeutralPop.png,SadPop.png,neutral,sad,4.0,5.0,1.0,right,DIAMOND-5.png,1.0,I think I'm going to win this round.,Z,M,M,M,1.0,828.6999999992549,False,0.0,0.0,1.0,1.0,0.0,137,3,2,1,0
726,P023,11.0,facial_first,4.0,138,verbal_volatile,,,A,happy_vs_sad,0.1,0.8,0.0,0.0,right,right,0.0,6.0,3.0,low,high,SadPop.png,HappyPop.png,sad,happy,7.0,3.0,4.0,left,DIAMOND-7.png,4.0,I think I'm going to win this round.,Z,M,Z,M,0.0,665.7999999992317,False,0.0,1.0,1.0,0.0,0.0,138,1,2,0,0
731,P023,11.0,facial_first,4.0,139,verbal_volatile,,,A,happy_vs_sad,0.1,0.8,0.0,1.0,right,left,1.0,6.0,3.0,low,high,SadPop.png,HappyPop.png,sad,happy,10.0,9.0,1.0,left,SPADE-10.png,1.0,I think I'm going to win this round.,Z,M,Z,Z,1.0,671.5999999998603,False,1.0,0.0,1.0,1.0,1.0,139,1,2,0,1
736,P023,11.0,facial_first,4.0,140,verbal_volatile,,,B,happy_vs_neutral,0.2,0.8,1.0,1.0,right,right,0.0,6.0,3.0,low,high,NeutralPop.png,HappyPop.png,neutral,happy,1.0,6.0,5.0,right,CLUB-6.png,5.0,I think I'm going to win this round.,Z,M,M,Z,0.0,488.39999999979045,False,1.0,0.0,0.0,0.0,1.0,140,2,2,0,0
741,P023,11.0,facial_first,4.0,141,verbal_volatile,,,C,neutral_vs_sad,0.3,0.8,0.0,1.0,right,left,1.0,6.0,3.0,low,high,SadPop.png,NeutralPop.png,sad,neutral,10.0,9.0,1.0,left,CLUB-10.png,1.0,I think I'm going to win this round.,Z,M,Z,Z,1.0,556.3000000000466,False,1.0,0.0,1.0,1.0,1.0,141,3,2,0,1
746,P023,11.0,facial_first,4.0,142,verbal_volatile,,,C,neutral_vs_sad,0.3,0.8,0.0,1.0,left,right,1.0,6.0,3.0,low,high,NeutralPop.png,SadPop.png,neutral,sad,1.0,4.0,3.0,right,HEART-4.png,3.0,I think I'm going to win this round.,Z,M,M,M,1.0,550.9000000000233,False,0.0,0.0,1.0,1.0,0.0,142,3,2,1,0
751,P023,11.0,facial_first,4.0,143,verbal_volatile,,,A,happy_vs_sad,0.1,0.8,1.0,1.0,right,right,0.0,6.0,3.0,low,high,SadPop.png,HappyPop.png,sad,happy,1.0,3.0,2.0,right,HEART-3.png,2.0,I think I'm going to win this round.,Z,M,M,M,1.0,477.9999999997672,False,0.0,1.0,1.0,1.0,0.0,143,1,2,0,0
756,P023,11.0,facial_first,4.0,144,verbal_volatile,,,B,happy_vs_neutral,0.2,0.8,0.0,0.0,right,right,0.0,6.0,3.0,low,high,NeutralPop.png,HappyPop.png,neutral,happy,6.0,5.0,1.0,left,DIAMOND-6.png,1.0,I think I'm going to win this round.,Z,M,Z,Z,1.0,619.9999999996508,False,1.0,0.0,0.0,1.0,1.0,144,2,2,0,0
761,P023,11.0,facial_first,4.0,145,verbal_volatile,,,B,happy_vs_neutral,0.2,0.8,0.0,1.0,right,left,1.0,6.0,3.0,low,high,NeutralPop.png,HappyPop.png,neutral,happy,5.0,1.0,4.0,left,CLUB-5.png,4.0,I think I'm going to win this round.,Z,M,Z,Z,1.0,593.9999999993015,False,1.0,0.0,1.0,1.0,1.0,145,2,2,0,1
766,P023,11.0,facial_first,4.0,146,verbal_volatile,,,A,happy_vs_sad,0.1,0.8,0.0,0.0,right,right,0.0,6.0,3.0,low,high,SadPop.png,HappyPop.png,sad,happy,9.0,7.0,2.0,left,DIAMOND-9.png,2.0,I think I'm going to win this round.,Z,M,Z,M,0.0,667.5999999993946,False,0.0,1.0,1.0,0.0,0.0,146,1,2,0,0
771,P023,11.0,facial_first,4.0,147,verbal_volatile,,,C,neutral_vs_sad,0.3,0.8,0.0,1.0,left,right,1.0,6.0,3.0,low,high,NeutralPop.png,SadPop.png,neutral,sad,1.0,10.0,9.0,right,SPADE-10.png,9.0,I think I'm going to win this round.,Z,M,M,M,1.0,601.0999999999767,False,0.0,0.0,1.0,1.0,0.0,147,3,2,1,0
776,P023,11.0,facial_first,4.0,148,verbal_volatile,,,A,happy_vs_sad,0.1,0.8,0.0,1.0,left,right,1.0,6.0,3.0,low,high,HappyPop.png,SadPop.png,happy,sad,1.0,9.0,8.0,right,DIAMOND-9.png,8.0,I think I'm going to win this round.,Z,M,M,M,1.0,511.9999999993015,False,0.0,0.0,1.0,1.0,0.0,148,1,2,1,0
781,P023,11.0,facial_first,4.0,149,verbal_volatile,,,B,happy_vs_neutral,0.2,0.8,0.0,0.0,left,left,0.0,6.0,3.0,low,high,HappyPop.png,NeutralPop.png,happy,neutral,1.0,10.0,9.0,right,DIAMOND-10.png,9.0,I think I'm going to win this round.,Z,M,M,Z,0.0,541.5999999993946,False,1.0,1.0,1.0,0.0,1.0,149,2,2,1,1
786,P023,11.0,facial_first,4.0,150,verbal_volatile,,,C,neutral_vs_sad,0.3,0.8,1.0,1.0,left,left,0.0,6.0,3.0,low,high,NeutralPop.png,SadPop.png,neutral,sad,5.0,3.0,2.0,left,CLUB-5.png,2.0,I think I'm going to win this round.,Z,M,Z,M,0.0,799.9000000001397,False,0.0,0.0,0.0,0.0,0.0,150,3,2,1,1
791,P023,11.0,facial_first,4.0,151,verbal_volatile,,,A,happy_vs_sad,0.1,0.2,1.0,0.0,right,left,1.0,6.0,4.0,low,low,SadPop.png,HappyPop.png,sad,happy,2.0,7.0,5.0,right,HEART-7.png,5.0,I think I'm going to win this round.,Z,M,M,M,1.0,634.4999999997672,False,0.0,1.0,0.0,1.0,0.0,151,1,2,0,1
796,P023,11.0,facial_first,4.0,152,verbal_volatile,,,B,happy_vs_neutral,0.2,0.2,0.0,0.0,right,right,0.0,6.0,4.0,low,low,NeutralPop.png,HappyPop.png,neutral,happy,6.0,5.0,1.0,left,DIAMOND-6.png,1.0,I think I'm going to win this round.,Z,M,Z,M,0.0,1320.699999999255,False,0.0,1.0,1.0,0.0,0.0,152,2,2,0,0
801,P023,11.0,facial_first,4.0,153,verbal_volatile,,,C,neutral_vs_sad,0.3,0.2,1.0,0.0,right,left,1.0,6.0,4.0,low,low,SadPop.png,NeutralPop.png,sad,neutral,4.0,7.0,3.0,right,DIAMOND-7.png,3.0,I think I'm going to win this round.,Z,M,M,M,1.0,766.2999999998137,False,0.0,1.0,0.0,1.0,0.0,153,3,2,0,1
806,P023,11.0,facial_first,4.0,154,verbal_volatile,,,B,happy_vs_neutral,0.2,0.2,0.0,0.0,left,left,0.0,6.0,4.0,low,low,HappyPop.png,NeutralPop.png,happy,neutral,4.0,6.0,2.0,right,HEART-6.png,2.0,I think I'm going to win this round.,Z,M,M,M,1.0,611.8999999992084,False,0.0,0.0,0.0,1.0,0.0,154,2,2,1,1
811,P023,11.0,facial_first,4.0,155,verbal_volatile,,,A,happy_vs_sad,0.1,0.2,0.0,0.0,right,right,0.0,6.0,4.0,low,low,SadPop.png,HappyPop.png,sad,happy,8.0,1.0,7.0,left,CLUB-8.png,7.0,I think I'm going to win this round.,Z,M,Z,Z,1.0,714.5999999992782,False,1.0,0.0,0.0,1.0,1.0,155,1,2,0,0
816,P023,11.0,facial_first,4.0,156,verbal_volatile,,,C,neutral_vs_sad,0.3,0.2,0.0,0.0,left,left,0.0,6.0,4.0,low,low,NeutralPop.png,SadPop.png,neutral,sad,7.0,10.0,3.0,right,SPADE-10.png,3.0,I think I'm going to win this round.,Z,M,M,M,1.0,670.8999999992084,False,0.0,0.0,0.0,1.0,0.0,156,3,2,1,1
821,P023,11.0,facial_first,4.0,157,verbal_volatile,,,B,happy_vs_neutral,0.2,0.2,0.0,0.0,left,left,0.0,6.0,4.0,low,low,HappyPop.png,NeutralPop.png,happy,neutral,1.0,8.0,7.0,right,DIAMOND-8.png,7.0,I think I'm going to win this round.,Z,M,M,M,1.0,773.1999999996042,False,0.0,0.0,0.0,1.0,0.0,157,2,2,1,1
826,P023,11.0,facial_first,4.0,158,verbal_volatile,,,C,neutral_vs_sad,0.3,0.2,1.0,0.0,left,right,1.0,6.0,4.0,low,low,NeutralPop.png,SadPop.png,neutral,sad,10.0,1.0,9.0,left,SPADE-10.png,9.0,I think I'm going to win this round.,Z,M,Z,Z,1.0,516.7999999999302,False,1.0,1.0,0.0,1.0,1.0,158,3,2,1,0
831,P023,11.0,facial_first,4.0,159,verbal_volatile,,,A,happy_vs_sad,0.1,0.2,0.0,0.0,right,right,0.0,6.0,4.0,low,low,SadPop.png,HappyPop.png,sad,happy,4.0,2.0,2.0,left,HEART-4.png,2.0,I think I'm going to win this round.,Z,M,Z,Z,1.0,700.199999999837,False,1.0,0.0,0.0,1.0,1.0,159,1,2,0,0
836,P023,11.0,facial_first,4.0,160,verbal_volatile,,,B,happy_vs_neutral,0.2,0.2,0.0,0.0,right,right,0.0,6.0,4.0,low,low,NeutralPop.png,HappyPop.png,neutral,happy,4.0,2.0,2.0,left,HEART-4.png,2.0,I think I'm going to win this round.,Z,M,Z,Z,1.0,703.5999999998603,False,1.0,0.0,0.0,1.0,1.0,160,2,2,0,0
841,P023,11.0,facial_first,4.0,161,verbal_volatile,,,A,happy_vs_sad,0.1,0.2,0.0,0.0,right,right,0.0,6.0,4.0,low,low,SadPop.png,HappyPop.png,sad,happy,4.0,2.0,2.0,left,SPADE-4.png,2.0,I think I'm going to win this round.,Z,M,Z,Z,1.0,832.0999999992782,False,1.0,0.0,0.0,1.0,1.0,161,1,2,0,0
846,P023,11.0,facial_first,4.0,162,verbal_volatile,,,C,neutral_vs_sad,0.3,0.2,0.0,0.0,left,left,0.0,6.0,4.0,low,low,NeutralPop.png,SadPop.png,neutral,sad,3.0,5.0,2.0,right,HEART-5.png,2.0,I think I'm going to win this round.,Z,M,M,M,1.0,523.5999999998603,False,0.0,0.0,0.0,1.0,0.0,162,3,2,1,1
851,P023,11.0,facial_first,4.0,163,verbal_volatile,,,B,happy_vs_neutral,0.2,0.2,0.0,1.0,left,right,1.0,6.0,4.0,low,low,HappyPop.png,NeutralPop.png,happy,neutral,1.0,6.0,5.0,right,DIAMOND-6.png,5.0,I think I'm going to win this round.,Z,M,M,Z,0.0,477.4999999997672,False,1.0,1.0,0.0,0.0,1.0,163,2,2,1,0
856,P023,11.0,facial_first,4.0,164,verbal_volatile,,,C,neutral_vs_sad,0.3,0.2,0.0,0.0,left,left,0.0,6.0,4.0,low,low,NeutralPop.png,SadPop.png,neutral,sad,2.0,5.0,3.0,right,DIAMOND-5.png,3.0,I think I'm going to win this round.,Z,M,M,M,1.0,462.5,False,0.0,0.0,0.0,1.0,0.0,164,3,2,1,1
861,P023,11.0,facial_first,4.0,165,verbal_volatile,,,A,happy_vs_sad,0.1,0.2,0.0,0.0,left,left,0.0,6.0,4.0,low,low,HappyPop.png,SadPop.png,happy,sad,6.0,9.0,3.0,right,DIAMOND-9.png,3.0,I think I'm going to win this round.,Z,M,M,M,1.0,1199.0999999993946,False,0.0,0.0,0.0,1.0,0.0,165,1,2,1,1
866,P023,11.0,facial_first,4.0,166,verbal_volatile,,,C,neutral_vs_sad,0.3,0.2,0.0,0.0,left,left,0.0,6.0,4.0,low,low,NeutralPop.png,SadPop.png,neutral,sad,8.0,10.0,2.0,right,SPADE-10.png,2.0,I think I'm going to win this round.,Z,M,M,Z,0.0,1109.6999999994878,False,1.0,1.0,1.0,0.0,1.0,166,3,2,1,1
871,P023,11.0,facial_first,4.0,167,verbal_volatile,,,B,happy_vs_neutral,0.2,0.2,0.0,0.0,left,left,0.0,6.0,4.0,low,low,HappyPop.png,NeutralPop.png,happy,neutral,3.0,9.0,6.0,right,CLUB-9.png,6.0,I think I'm going to win this round.,Z,M,M,Z,0.0,573.4999999997672,False,1.0,1.0,1.0,0.0,1.0,167,2,2,1,1
876,P023,11.0,facial_first,4.0,168,verbal_volatile,,,A,happy_vs_sad,0.1,0.2,0.0,1.0,right,left,1.0,6.0,4.0,low,low,SadPop.png,HappyPop.png,sad,happy,9.0,3.0,6.0,left,CLUB-9.png,6.0,I think I'm going to win this round.,Z,M,Z,M,0.0,560.4999999993015,False,0.0,1.0,0.0,0.0,0.0,168,1,2,0,1
881,P023,11.0,facial_first,4.0,169,verbal_volatile,,,A,happy_vs_sad,0.1,0.2,0.0,0.0,right,right,0.0,6.0,4.0,low,low,SadPop.png,HappyPop.png,sad,happy,6.0,4.0,2.0,left,CLUB-6.png,2.0,I think I'm going to win this round.,Z,M,Z,M,0.0,670.6999999999534,False,0.0,1.0,1.0,0.0,0.0,169,1,2,0,0
886,P023,11.0,facial_first,4.0,170,verbal_volatile,,,C,neutral_vs_sad,0.3,0.2,0.0,0.0,left,left,0.0,6.0,4.0,low,low,NeutralPop.png,SadPop.png,neutral,sad,5.0,10.0,5.0,right,SPADE-10.png,5.0,I think I'm going to win this round.,Z,M,M,M,1.0,416.69999999995343,False,0.0,0.0,0.0,1.0,0.0,170,3,2,1,1
891,P023,11.0,facial_first,4.0,171,verbal_volatile,,,B,happy_vs_neutral,0.2,0.2,0.0,1.0,left,right,1.0,6.0,4.0,low,low,HappyPop.png,NeutralPop.png,happy,neutral,4.0,6.0,2.0,right,DIAMOND-6.png,2.0,I think I'm going to win this round.,Z,M,M,Z,0.0,696.3999999994412,False,1.0,1.0,0.0,0.0,1.0,171,2,2,1,0
896,P023,11.0,facial_first,4.0,172,verbal_volatile,,,A,happy_vs_sad,0.1,0.2,0.0,0.0,left,left,0.0,6.0,4.0,low,low,HappyPop.png,SadPop.png,happy,sad,2.0,6.0,4.0,right,SPADE-6.png,4.0,I think I'm going to win this round.,Z,M,M,M,1.0,699.8999999999069,False,0.0,0.0,0.0,1.0,0.0,172,1,2,1,1
901,P023,11.0,facial_first,4.0,173,verbal_volatile,,,C,neutral_vs_sad,0.3,0.2,0.0,0.0,left,left,0.0,6.0,4.0,low,low,NeutralPop.png,SadPop.png,neutral,sad,1.0,4.0,3.0,right,CLUB-4.png,3.0,I think I'm going to win this round.,Z,M,M,M,1.0,1159.0999999993946,False,0.0,0.0,0.0,1.0,0.0,173,3,2,1,1
906,P023,11.0,facial_first,4.0,174,verbal_volatile,,,B,happy_vs_neutral,0.2,0.2,1.0,0.0,right,left,1.0,6.0,4.0,low,low,NeutralPop.png,HappyPop.png,neutral,happy,5.0,6.0,1.0,right,HEART-6.png,1.0,I think I'm going to win this round.,Z,M,M,M,1.0,796.2999999993481,False,0.0,1.0,0.0,1.0,0.0,174,2,2,0,1
911,P023,11.0,facial_first,4.0,175,verbal_volatile,,,C,neutral_vs_sad,0.3,0.2,0.0,0.0,left,left,0.0,6.0,4.0,low,low,NeutralPop.png,SadPop.png,neutral,sad,5.0,8.0,3.0,right,SPADE-8.png,3.0,I think I'm going to win this round.,Z,M,M,M,1.0,887.1999999997206,False,0.0,0.0,0.0,1.0,0.0,175,3,2,1,1
916,P023,11.0,facial_first,4.0,176,verbal_volatile,,,B,happy_vs_neutral,0.2,0.2,0.0,0.0,right,right,0.0,6.0,4.0,low,low,NeutralPop.png,HappyPop.png,neutral,happy,5.0,1.0,4.0,left,CLUB-5.png,4.0,I think I'm going to win this round.,Z,M,Z,Z,1.0,750.5999999991618,False,1.0,0.0,0.0,1.0,1.0,176,2,2,0,0
921,P023,11.0,facial_first,4.0,177,verbal_volatile,,,A,happy_vs_sad,0.1,0.2,0.0,0.0,left,left,0.0,6.0,4.0,low,low,HappyPop.png,SadPop.png,happy,sad,7.0,9.0,2.0,right,SPADE-9.png,2.0,I think I'm going to win this round.,Z,M,M,M,1.0,803.1999999997206,False,0.0,0.0,0.0,1.0,0.0,177,1,2,1,1
926,P023,11.0,facial_first,4.0,178,verbal_volatile,,,B,happy_vs_neutral,0.2,0.2,0.0,0.0,left,left,0.0,6.0,4.0,low,low,HappyPop.png,NeutralPop.png,happy,neutral,1.0,7.0,6.0,right,DIAMOND-7.png,6.0,I think I'm going to win this round.,Z,M,M,M,1.0,1073.899999999674,False,0.0,0.0,0.0,1.0,0.0,178,2,2,1,1
931,P023,11.0,facial_first,4.0,179,verbal_volatile,,,C,neutral_vs_sad,0.3,0.2,0.0,0.0,left,left,0.0,6.0,4.0,low,low,NeutralPop.png,SadPop.png,neutral,sad,1.0,6.0,5.0,right,DIAMOND-6.png,5.0,I think I'm going to win this round.,Z,M,M,M,1.0,1028.9999999995343,False,0.0,0.0,0.0,1.0,0.0,179,3,2,1,1
936,P023,11.0,facial_first,4.0,180,verbal_volatile,,,A,happy_vs_sad,0.1,0.2,0.0,1.0,right,left,1.0,6.0,4.0,low,low,SadPop.png,HappyPop.png,sad,happy,10.0,3.0,7.0,left,SPADE-10.png,7.0,I think I'm going to win this round.,Z,M,Z,M,0.0,956.5,False,0.0,1.0,0.0,0.0,0.0,180,1,2,0,1
